email,username,pfp_hash,create_date,password_hash
ryan938@icloud.com,Ryan,039e633f883e4903cc2c15145bf579c523eea2698519b9322391c8df9799a0fa,2024-08-04,d0fbe9a878070303eb9d647b62d602fda164a420f33ecfb4f875147601be98e3
josephy518@protonmail.com,Josephy,118c07d3252620942fbfdeddfe34222db7d23af03ec6ecdbde178ebb36059706,2022-03-30,bcb3c85032938f4f4422643b5ecbe73092b8c4fb7fb43659fb1835617c7fec50
amber7916863@yahoo.com,Amber7916,0d708246de8917bbe2714794c14396ce51a3527a177caaa1348693dcfdfff246,2024-08-23,9f4c474f0283dadf33bf63a82b862bdba7c5d7ea78bc7387c32359382e629a9a
michaely16@gmail.com,Michaely,0828001786845b1ea01eec90d5752dd4f15ac60f7bd1bd7dfd61e8ff48801aa4,2023-05-22,d2df367836ce12144b1a6d5e5900d5457e1f4abcb4bcfd94d91e19396cb70919
sheila327@yahoo.com,Sheila,247a5ba4e54910b7f67eee5356cb59485810319e7ad34add8d98eb2ed864919f,2024-10-26,ff43efd49f39b37cdfd1ff57bd3185fba52db4baac51b6d812cdfb632d213f87
bryanknight106@icloud.com,bryanknight,3720dc3d8d8bcf520e350f868637bcf98b087be3691637656bb87c62a8caed0a,2021-07-10,8cc645630ae62657c2878a589b8e0f6bb83f03080b803e97d59a418824c6a2eb
kimz314@gmail.com,Kimz,fbd79fd392d251aec8104f4bffb7a407abc4c53bad622283a9654a0f789eda96,2021-08-24,d7a9c8ddc9dad0b74f2f90be5eab2b04ca6400e1de87ca0c2a61a996a3fdc2b2
caroline7986112@hotmail.com,Caroline7986,b82ac9fd0c1cb8970e056d6a1a66bf2c114e874f785b8dca3b2ab517c2ab5f97,2021-02-22,8b9bf96bbd40d9136f7cb0cb5e67cf76b774e7081e164176015878fd9b52604b
ashleyy934@icloud.com,Ashleyy,1c2bfd11606cd8a952c659f94c1e52a773721fea1dc569a52f55acb3931d8cbd,2020-04-14,d06841b0a77f567b01106cad621bbac4eeb3fe74996bfaaf5340e51fb1804927
david545@gmail.com,David,db50dc67a32b9211629e2733d5e1d7a1b50ad691d90f8024581e27cfe5a9d1e5,2023-05-04,61c56eb124a3c87405303f44d58d34f1e6975d67ea7babec083d61707d7b2020
bethbrewer978@icloud.com,BethBrewer,7144b374ac1b3c2e4cb30b692cce520fe2239547fff63b0446644dd73a8d1cdb,2020-02-13,6446478e3f41f80b60f8c7e680f2c342b1556995a3488fcfce6a12a66dbd4d61
rhonda903@icloud.com,Rhonda,2d59bc995e0934b90f8cb02def3b3c560468f8ca18ff2217566ed03a0e5b3bf9,2022-03-21,cb2d17cd34b01446864c0f23c6fbb594fed3823d9c11db286eb5a38af39636be
ruth876@hotmail.com,Ruth,b28f7e6f80fb933f76aa905d0aee9029b233367c8145d096898f8daa3c94c65e,2021-01-25,6b27ec96d8d33741eee367fe8819cbfab978246bd97bd1713f51536380fddd97
amybrown272@icloud.com,AmyBrown,9f8c8acc9d0a2c64459010901887785fcaffc8a5f7ce2eb5b862b8d7debffbc5,2022-12-26,99b5c8747029331bd4ebcc3c08836290524b4e2905842a7cebf80e7e5376d507
michael7453721@icloud.com,Michael7453,9ccd6a4eb3e33fef4ba37fd0d8686ba732de8ee194e2201e409ae97572c32f14,2025-02-15,33eb388fdc1a70d081af46e52d464fa61399a5503640468e77a4fcc73a5ec199
kristenpratt871@gmail.com,KristenPratt,53f2ee82f67be62bf83160757a8f4c984dc24b5187969df1b5c56d4cd825a8c1,2025-10-19,a808bb6c2494a4f2f735f7b788e69ea5876e5b348ec88df617c11889d6d6749c
juan505@icloud.com,Juan,c05b55cd7dfe064dc139c971e6794bf89223009064c0b07bedd374332159cf3c,2025-03-23,27c644e8267e590ec8f4e2ae997931d2d845374c17212882ec50558514eb6578
elizabeth154@hotmail.com,Elizabeth,b75317dab9cc5c0bb47c3cca107a0be3aaa3d4b662c1c34f7a5900b28953d948,2021-07-05,2bf1fcfb6a2e9c0650ac81c2b7fa711b22749e5330049bbdfa900502bcdca569
megan810@hotmail.com,Megan,c732a6e555c7765655ee6312e52a6677db704adfcfee3d29d74b1791892e7682,2021-09-26,2f1f6fba8c1a033f1fd457e70e9ea944799ac48cd9252fefcfbd6abf7b8b7770
matthewtorres514@icloud.com,MatthewTorres,0fc221fd05d0d35eac2aa33e869ff715a0dc9533544471d0cef9f7f85b9fab1e,2024-08-22,30b1caefc665db1fbea9dedcbd0fda8f0a963a801d5a9ecced93f82be3b4890b
asmith792@hotmail.com,asmith,a07ad4c53a39a16c3936018ecfbeee76f2b6c4ece05e72ad67ef6a576b3b9f17,2025-02-11,b0ba5d7adaaf58c28ed654f84e08e62e1cce2e3501e2b838a59a4372cc76012b
miranda3251459@icloud.com,Miranda3251,ec1b14a5a149f10ac977ec5fd08f5bcdf33bfa90ef9bc43e5d549c6345d43722,2024-08-30,735a2cea1b5535a6225e7358995c5d8e97afec27286ab4eb9104d5dc260908d8
gailz689@example.org,Gailz,d91850c8c7d3e7a1e5fc1b6d02c23dcd62fd2de214cbdcffcc484f6e4df60073,2022-07-31,6d343314a636912caacdfeb3524e968dd546245770e31b0b8f8af4cb771c79d1
jasonbowers991@icloud.com,JasonBowers,284299862698f3c138ae9801df9b318eb669ba11b0274f9efb024798d93553e2,2021-03-10,a72f64f418859e00d7d1e07f9cf2ba3e3bed49fe50ee9cb0368f40d2dfb5b393
jamesbryant542@protonmail.com,jamesbryant,776ce463d129e2abbe1d6333ef2b74f43ecb864171d428f5b6dadeb72678104b,2022-07-30,fcb1bdd7adf1b489ccf8d41d23e08ed605c69236c0e696e45b341b54ba6e3f03
stephanielee506@yahoo.com,StephanieLee,49ffb28e84e93d6cf58af9c0c6371e0352227eb3d46ff16e891b34a5c30ccfad,2022-07-31,816529044c7e9757156f545b8ce8e6cf65a702d66102f3c8bc5c55b5d35a8bef
cherylross128@gmail.com,CherylRoss,20c310523b2cbcc841a1ede5ba187f294340db523e8349e150bb118249ef899a,2023-12-31,8ed49df1ef91c294adafa10558e24e0399de44911aaa7f0b7c7a769879a33756
ericx415@protonmail.com,Ericx,be296220538ae42b4ef59781ce2046b43c7f9eb2042ab9e7be75740d97473227,2021-12-04,25cff378f9933774725a86f8c1f51cf1e0a70f6ad5ca899329ce7e3362dd11de
henry6957438@gmail.com,Henry6957,e3aebd1efccb085fa5420662e9a76827cd852d084d61335a24a848e9ad4b1aa8,2023-02-05,e354705a918dbcbc6f0c912f5002c23ac8b5ad2a85c92569fea2e39942ec8f7d
christopherz344@protonmail.com,Christopherz,ff4e423d71b4d4ac2fcddc3d3ddf4530065917906fb32bb3b58cd47f9a1367b1,2021-03-01,b11ab0755a1ac5d73872e8c225781462891ee9941a64608c56ed60f0d0ef3e06
nataliex773@icloud.com,Nataliex,8935b64e715872371ca6dde52df1533db33dbe0bc92974178a5a917c923c27d8,2020-12-23,70198dca1e9875ed409d2dce67326f33ce820999fe28228256cebdd367b687ca
barbarax488@example.org,Barbarax,e73b6c6e44e25156d30924ed36aaafb2e247ff655e1c2cd4358bf8fd2752ed73,2022-06-21,073bea53249eca21e118bc04684ecc838de494e721ad9860f5bc6904bdc12e9c
janeknight751@gmail.com,janeknight,3474d8dca1b90cef41f241f7ab0881d1d23d525b6ef4075b357a7505d1dcd2cc,2021-03-01,a8f76364da3f12c9a0685fdd581175ce0bde509ea44cb25d16534440cb6a6bcd
jessegentry723@hotmail.com,JesseGentry,806c573789c9d1c2f83a76154434e8cac6efb38df160bf4b1a2d4f81bc0343ff,2024-02-10,ba799a817ea6340b8eb6c16c857548a1cbeaac3a9824ef885ba777a831f5789a
cindyroberts153@icloud.com,CindyRoberts,a9c032979eeeb04ba8d8b809e380851b229a53c20218baba22fcf601794ee16b,2020-01-31,e9e05e3b03cc5304beae3ac64fa6c8efbde6c1a6137b9ec86f8875f46fef54b4
danielle23786@gmail.com,Danielle237,17ce12d553d190b65337e91717901e2d5374dd374ed66b39c937fd693bd62524,2025-04-27,2c41404403d90ed3cdf8306c8be75873496531aad7ba54906e541a5c2358bc32
jessica75@hotmail.com,Jessica,496d00b15d02d53e172c49f82c8ac55a03835132602fa99093504754e595193b,2024-01-10,4a07e3e0822d1876d117b201a3a77e996031c38aca01f619475203b7883f7daf
jaredshannon343@gmail.com,JaredShannon,84cc5bcabbe65c96001ce83f888a6449d8db1ce201e8ea07b46656b7ae157be3,2021-03-14,bac60661bcf20bf6551480237ecc96fa8fb1126ff997206fc74df740e1a7d22c
sarahkemp884@icloud.com,SarahKemp,99e70ac943cbf2b3e231add91566fb499dadd6e4a456b7c08ad168fa6cb5f770,2022-06-21,f0754f9311c6a3488b2775a1fc534395d77d179d9194d93e6d124a15652e884a
leah445@icloud.com,Leah,4b727670af7cf478c0e0562d86bf52dcff5006e624d409b4a36e2fb0eff29ea2,2021-06-09,2be7b44e955ef9775e591f79e321274c88cf89e4823a1f55feca30c13add8c0e
mackenzie1069824@yahoo.com,Mackenzie1069,2e1236ea8a39d87abc815dd8cd8b10a706510c83f1c63f896362c91cf8b3ea9f,2025-03-13,05eb6a0e715da2887d156354d7b739f6388e74c1b34db3b9f00d163ed193d930
diane7036682@gmail.com,Diane7036,fb7ede8b5820dae02dc48f71a3e8665688fccc80f0a3c46c2ec8007e377c0c6c,2025-07-10,5dbbfa1d651dadf4e03b3b36941542ead3466f74d87c53a2ecda408a9df53068
heathertaylor722@yahoo.com,HeatherTaylor,195263dd214a2540e3191699307dff4473f0c64d9725c35693e3a96caf9d3d80,2023-03-29,7270889a72addd7b10ae1112e668175bfbd213c358f379b5eae55838091be271
laura3943450@protonmail.com,Laura3943,0903d844885ff166124d57e1f2300c06ee450a2c403bfc114e7c03b920439f41,2021-01-30,f9c7c2257d25304d4f3059f980aed40ef126aa3be8e7ca3301d9f4b88b88c82f
joseph651@hotmail.com,Joseph,a7c61a200c608b4893862daabc09659d29b4bd6041f722388327add2cf2f9d2e,2023-06-02,40b59fc74609203bf0d9141488879d21f0a0131c4000c0292580e0c21043383b
donnajenkins159@gmail.com,DonnaJenkins,426455f81fcd06d851803e3131cc556353e80650acb26527f561c6e4f81fe66c,2020-03-13,6470e01e9b9a84e16fb14a7c7586cff96e5a1fa2f5271868d039ecea47b1ae1c
jason3977@protonmail.com,jason39,4f733c898c977b21f324b73ccb1fc2cef15bd894f2883ecfacbdf0a85f1c5779,2023-09-25,51d986c772f1d03af29d8b45f7ae34c229b65283eebd81fe8426c7dbd74faf4b
jordan889@example.org,Jordan,b867e0696b9ea75b0aaa15b74034f5b0e3afa2ed08858f98e45c63a863e268cb,2025-02-15,ab2e356143fdd410806075123b3d6ad5ee975b2334ea574b07b85347c1921b40
cindyterry605@hotmail.com,CindyTerry,c4fddcb824342648f6181937362a3ea120e3f30419d6adb012d061367365eb07,2024-08-30,f22eaa3a0a64d9fb8aa82b9e77f441b782c152cb0694b79e0b3d9454a02217ae
timothyx766@protonmail.com,Timothyx,ef3e6dc025018c02069983999803aaf00db03787318f442da9dbbfc9e7590fd6,2024-02-08,80903c8c8f53882438174690950e1125e57658e593056fe0a3e849cbc0b427de
